Station,avg_visiblity,avg rainfall,latitute,longitude,avg_cloud_cover
ADILABAD [43025],10.15699951765847,32.56333333333333,19.54570375,78.60867589700759,2.493150684931507
ADIRAMAPATTINAM [43348],12.55980861244019,37.70666666666667,10.34059,79.37905,4.249315068493151
AGARTALA [42724],3.0565369615669886,70.26666666666667,23.8312377,91.2823821,4.193150684931507
AGATTI [43266],8.128969036741031,52.43,10.9478981,72.3177271359032,4.391780821917808
AGRA (TAJ) [42259],4.254126474930346,23.12,27.1842702,78.0270801,1.795890410958904
AHMEDABAD [42647],4.172609391501268,26.12,23.0215374,72.5800568,2.7904109589041095
AHMEDNAGAR [43009],11.320269855147805,20.27,19.162772500000003,74.85802430085195,2.2013698630136984
AJMER [42343],4.010023751477927,19.046666666666667,26.4691,74.639,2.0931506849315067
AKOLA [42933],12.295713103235865,26.113333333333333,20.76181225,77.1921156663574,2.463013698630137
ALAPPUZHA [43352],7.647502514247401,94.41333333333334,9.5006651,76.41241428564258,4.906849315068493
ALIBAG [43058],7.1383603284111405,80.29333333333334,18.6498427,72.8765469,2.458904109589041
ALIGARH [42262],2.3763168174405847,23.759999999999998,27.8761073,78.13581531245276,1.7328767123287672
ALWAR [42255],8.838139251715742,0.0,27.41400485,76.61703869600933,0.0
AMBALA [42103],2.589807006162829,30.683333333333334,30.3843674,76.770421,2.8465753424657536
AMBIKAPUR [42693],4.88317334277902,45.973333333333336,23.1226343,83.1981886,2.5356164383561643
AMINIDIVI [43311],13.416299096828396,53.669999999999995,11.16166785,72.04450037714275,4.610958904109589
AMRAVATI [42937],6.387968451019741,25.436666666666667,21.15454115,77.64429617998744,0.7315068493150685
AMRELI [42834],5.027535018929505,20.5,21.4176122,71.24960898982046,0.0
AMRITSAR [42071],2.090595185494297,22.973333333333336,31.6343083,74.8736788,2.952054794520548
ANANTAPUR [43237],12.31562710884026,20.063333333333333,14.72421995,77.43067380798242,4.021917808219178
ANGUL [42969],4.2294322132097335,42.419999999999995,20.8382426,85.0973949,1.836986301369863
ARIYALUR [43324],8.67403289908473,23.60666666666667,11.1530559,79.25857973608959,0.0
AROGYAVARAM [43271],17.161011257086052,27.220000000000002,18.943505,84.5853496,4.576712328767123
ASANSOL [42712],2.520917199463256,0.0,23.6871297,86.9746587,0.0
AURANGABAD (CHIKALTHANA) [43014],3.8764982551964797,27.05666666666667,19.867076,75.4057809,2.697260273972603
BAGALKOT [43160],15.60896339377352,18.44333333333333,16.1793224,75.6999315,0.0
BAGATI [42714],5.473686315284332,50.30333333333333,22.985535400000003,88.38295437487571,2.893150684931507
BAHRAICH [42273],2.1975092028761134,39.95333333333333,27.734382250000003,81.47653998303304,3.080821917808219
BALASORE [42895],5.279274662787622,57.02333333333333,21.5006421,86.919884,3.8068493150684932
BALEHONNUR [43259],12.219033955045433,87.78,13.3478824,75.4616697,0.0
BALLIA (MIRDHA) [42384],2.780679987810718,29.65,25.75867,84.148743,0.0
BALURGHAT [42506],7.420767693666062,48.11333333333334,25.2234352,88.7780654,2.665753424657534
BANDA [42473],5.719893139113174,28.55,25.4775297,80.334921,1.3904109589041096
BANIHAL [42045],5.395759418820748,45.49333333333333,33.444297899999995,75.16109232255917,3.2739726027397262
BANKURA [42706],2.6733771397480437,54.193333333333335,23.132377,87.20819250835955,3.4205479452054797
BAPATLA [43220],8.323198540589846,34.28333333333333,15.9346161,80.38697056600418,3.8958904109589043
BARABANKI [42370],3.6462495718689345,29.71333333333333,26.9421406,81.38560869842297,1.826027397260274
BARAMATI [43069],11.716457151242418,17.473333333333336,18.21985375,74.45340540036307,0.0
BARAPANI [42512],3.006703005996931,72.43666666666667,25.6943784,91.9762547,3.9287671232876713
BAREILLY [42189],2.1344553727569417,39.55,28.45823445,79.40474517998476,2.9164383561643836
BARIPADA [42894],5.284224401328054,57.21666666666667,21.9342456,86.7308825,2.802739726027397
BARMER [42435],5.87383327969102,10.146666666666667,25.5814853,71.19249222700306,2.032876712328767
BASTI [42279],5.179824027896038,0.0,27.25,83.0,0.0
BATOTE [42043],3.775676075070193,50.96666666666667,33.1227262,75.3210211,3.202739726027397
BEED [43011],14.633447880870563,23.5,18.9918442,75.90978399809711,0.0
BELGAUM (A) [43198],8.194565607841124,44.3,15.8572666,74.5069343,3.973972602739726
BELGAUM [43197],11.718821665983768,32.85666666666667,15.8572666,74.5069343,0.0
BENGALURU (HAL) [43296],5.066067066400178,35.919999999999995,12.9767936,77.590082,4.961643835616439
BENGALURU (KIA) [43293],5.066067066400178,31.779999999999998,12.971833,77.6566954,0.0
BENGALURU [43295],8.65315577712451,0.0,13.1976048,77.7074856433438,4.732876712328767
BERHAMPORE [42603],6.453541238675783,45.66,24.0510297,88.23779874587402,1.895890410958904
BETUL [42860],6.3380421444660175,40.669999999999995,21.8797472,77.87536507259225,2.9945205479452053
BHADERWAH [42048],6.193679134290923,40.93,32.98066025,75.65281205153984,3.282191780821918
BHADRACHALAM (KOTHAGUDEM) [43136],6.6735971080208545,37.64333333333333,17.5512916,80.6144535,2.8589041095890413
BHAGALPUR [42498],2.5642106446355304,38.72,25.24214,86.972603,3.1616438356164385
BHARATPUR [42258],2.9138060807882673,22.236666666666668,27.0246959,77.29201163357268,1.9383561643835616
BHAVNAGAR [42838],4.973332814264025,23.933333333333334,21.7718836,72.1416449,2.4287671232876713
BHAWANIPATNA [43042],11.471597133672168,42.09,19.9104952,83.1678321,0.0
BHILWARA [42447],8.206392099594444,18.816666666666666,25.48911765,74.33007256947698,0.0
BHOPAL (BAIRAGARH) [42667],3.964920411917211,36.7,23.29064585,77.32942176517878,2.7945205479452055
BHUBANESWAR [42971],3.8546643198390744,55.26,20.2602964,85.8394521,3.8698630136986303
BHUJ [42634],6.399018232819074,12.34,23.2472446,69.668339,2.335616438356164
BHUNTAR [42081],7.334338675168694,30.896666666666665,32.0030576,77.47947133683763,3.1095890410958904
BIDAR [43125],13.400818210426939,27.896666666666665,18.02072965,77.24872035766641,0.0
BIJAPUR [43161],8.11605804172702,21.58,16.8269911,75.7175387,0.0
BIKANER [42165],3.366094013490725,9.53,28.0159286,73.3171367,1.884931506849315
BILASPUR [42782],6.686381241494819,40.269999999999996,30.3612115,77.3229651442197,0.0
BOLANGIR [42963],6.899090562152121,48.57,20.7502257,83.2499464,2.0178082191780824
BRAHMAPURI [42946],3.271480373678603,43.31333333333334,20.2405611,76.50872707489506,2.5095890410958903
BULANDSHAHAR [42183],4.661558109833972,0.0,28.5246712,77.5996529,0.0
BULDHANA [42931],10.951188986232792,29.240000000000002,20.562845000000003,76.40869861474177,1.8164383561643835
BUNDI [42450],6.4357898767082355,24.56,25.4367659,75.736147085863,0.0
BURDWAN [42709],3.9402257726235272,45.413333333333334,23.2495714,87.8681751,0.0
CANNING [42812],3.0452581377720076,62.3,22.310373,88.6578971,3.6232876712328768
CAR NICOBAR [43367],7.381463234246137,85.98,9.187057,92.7730136148387,4.987671232876712
CHAIBASA [42795],14.755139755139757,39.36666666666667,22.5483518,85.81888764651222,0.0
CHANDABALI [42973],4.7797510663241125,54.29,20.8287719,86.74779457687976,3.4164383561643836
CHANDIGARH [42105],3.6718070368397457,34.61333333333334,30.7334421,76.7797143,2.789041095890411
CHANDRAPUR [43029],5.6791744340089565,41.86,20.0967555,79.50454752230621,2.4273972602739726
CHAPARMUKH [42414],5.417619668256495,53.013333333333335,26.2036571,92.5157423,0.0
CHAPRA [42488],14.802898393986915,34.309999999999995,25.7733443,84.78497716754097,0.0
CHENNAI (MEENAMBAKKAM) [43279],9.52221228384019,46.94666666666667,12.993374,80.17258667392555,4.6068493150684935
CHENNAI (NUNGAMBAKKAM) [43278],11.815502432467428,45.89333333333333,13.0559779,80.2426006,4.495890410958904
CHHINDWARA [42768],19.71166704384142,32.88666666666667,22.20718965,78.79883295930742,2.736986301369863
CHICKMAGALUR [43260],8.73918575643838,31.23,13.32231,75.774,0.0
CHINTAMANI [43272],9.52955217942661,27.023333333333333,13.3986587,78.0533058,0.0
CHITRADURGA [43233],11.74547037046118,23.69333333333333,14.3049174,76.52972341987515,4.101369863013699
CHITTORGARH [42546],3.9528239613845453,27.403333333333332,24.7171578,74.47181293724019,1.7575342465753425
CHURK [42589],3.121258765178724,37.123333333333335,24.6363468,83.1044244,2.202739726027397
CHURU [42170],4.078559494290549,14.206666666666667,28.20477805,74.69129960764752,2.0493150684931507
COIMBATORE (A) [43321],5.397051161087719,20.616666666666667,11.1402544,76.9383898,4.53013698630137
CONTAI [42900],6.0579093455403035,58.95333333333333,21.7805923,87.7448286,3.221917808219178
COOCH BEHAR [42403],3.3345514343139047,110.91333333333334,26.2559197,89.42011428381527,3.878082191780822
COONOOR [43318],3.958032973796944,55.59,11.3459447,76.7965283,3.5547945205479454
CUDDALORE [43329],11.567716036340586,45.65333333333333,11.52020705,79.33963564750636,4.417808219178082
CUTTACK [42970],6.612547016805274,53.266666666666666,20.4686,85.8792,3.280821917808219
DAHANU [43001],10.03245988324913,71.15333333333334,19.9887244,72.733848,3.1191780821917807
DALTONGANJ [42587],3.369355176191121,36.2,24.0397192,84.0658109,2.5383561643835617
DAMOH [42674],10.933131739601759,39.480000000000004,23.75,79.583333,3.249315068493151
DARJEELING [42295],2.6665321514548515,79.11,27.0377554,88.263176,0.0
DAVANGERE [43230],14.317468619246863,25.123333333333335,14.4661266,75.9206361,0.0
DEESA [42539],10.061695983197689,22.35666666666667,24.2594977,72.1803348,2.4726027397260273
DEHRADUN [42111],3.8680005086685605,72.05,30.49981565,77.86254573947093,3.0342465753424657
DEHRI [42588],3.205272956277819,35.669999999999995,24.9258862,84.17287231549471,1.247945205479452
DHAR [42752],13.027472415410656,29.623333333333335,22.5786572,75.22586367245644,2.436986301369863
DHARAMSHALA [42062],5.157698394754691,100.91000000000001,32.2143039,76.3196717,0.0
DHARMAPURI [43301],6.045467595031753,31.4,12.14561305,78.11322171666458,4.353424657534247
DHARWAD [43200],11.709083132198831,29.46333333333333,15.3707296,75.13328673460543,0.0
DHUBRI [42404],3.3873961463673323,76.98666666666666,26.01894625,89.94188952461522,4.323287671232877
DIAMOND HARBOUR [42811],4.472360636224662,57.96666666666667,22.1926886,88.1894879,3.5575342465753423
DIGHA [42901],5.6934664408592575,58.65333333333333,21.623077,87.5082534,3.7246575342465755
DIU [42914],5.707949576427696,28.27,20.71817495,70.93238341010638,2.6
DURG [42876],4.946871950558387,0.0,21.1982964,81.40079215767969,0.0
DWARKA [42731],7.487691466083151,16.36,22.2471009,68.9742446,2.7205479452054795
ERODE [43338],10.77749843926637,20.216666666666665,11.49052815,77.35052739885393,0.0
ETAWAH [42364],4.678047780170203,21.433333333333334,26.7155629,79.09170983360895,1.093150684931507
FATEHGARH (FARRUKHABAD) [42267],4.232561735212263,21.040000000000003,27.3700748,79.620752,0.7191780821917808
FATEHPUR [42471],8.343674482398276,25.953333333333333,25.8348023,80.91545468512774,0.9712328767123287
FORBESGANJ [42395],5.078096015433703,52.440000000000005,26.27836065,87.29875647084894,2.8013698630136985
FURSATGANJ [42372],1.4634386627320883,29.233333333333334,26.244522,81.415651,2.8164383561643835
GADAG [43201],13.119159278403451,22.459999999999997,15.41669195,75.6815801296564,3.9424657534246577
GANDHINAGAR [42654],10.175499150382329,25.78666666666667,23.2232877,72.6492267,0.0
GANGTOK [42299],2.038386013135024,119.13333333333334,27.329046,88.6122673,4.810958904109589
GANNAVARAM [43181],5.39445310872515,34.4,16.5561295,80.7961511,3.989041095890411
GAYA [42591],3.187449474871338,34.18333333333333,24.7964355,85.0079563,2.712328767123288
GAZIPUR [42482],3.532779027322001,32.79,22.2838686,88.2229781,1.5493150684931507
GOALPARA [42407],13.089139344262295,74.84333333333333,26.04918765,90.60018585947726,0.0
GOLAGHAT [42420],6.544904964393667,50.61666666666667,26.5108262,93.9743686,0.0
GONDIA [42871],9.567281768617818,41.79666666666667,21.455228,80.1962729,1.6534246575342466
GOPALPUR [43049],4.232935719019218,38.20666666666667,25.30946375,87.20787305955696,3.489041095890411
GORAKHPUR [42379],2.2719997154442626,41.36333333333334,26.6677977,83.364233378331,2.9
GULBARGA [43121],9.412669096482007,25.246666666666666,17.166667,77.083333,0.0
GULMARG [42026],2.9175548112058465,48.306666666666665,34.04897,74.39212,3.5931506849315067
GUNA [42559],6.36871229871878,33.61666666666667,24.5,77.5,2.747945205479452
GURUGRAM [42178],5.820929526123938,21.62,28.4646148,77.0299194,0.0
GUWAHATI [42410],3.258097424126498,56.51,26.1805978,91.753943,4.313698630136987
GWALIOR [42361],3.3795283033842023,26.346666666666668,26.2037247,78.1573628,2.1397260273972605
HALDIA [42806],5.401843603766139,62.28333333333333,22.028124,88.0632655,3.484931506849315
HAMIRPUR [42469],5.746738641475484,18.790000000000003,25.75,80.0,0.552054794520548
HANAMKONDA [43087],7.176213730395315,17.283333333333335,18.0068629,79.5578719,1.4479452054794522
HARDOI [42271],2.4488661414304063,28.273333333333333,27.33699775,80.09982319183257,1.4917808219178081
HARNAI [43109],6.188538487622924,97.18,17.8365241,73.0912997,3.1904109589041094
HASSAN [43263],8.780994102471281,29.59,13.03018525,76.17449676658171,0.0
HAVERI [43227],14.099818992538962,27.403333333333332,14.7874825,75.3996731,0.0
HIRAKUD [42881],5.537398571329495,48.733333333333334,21.54901785,83.89373126207971,0.0
HISAR [42131],2.852262832391882,16.466666666666665,29.080640950000003,75.788754109493,2.3164383561643835
HONAVAR [43226],10.954006036493347,124.41333333333334,14.28014,74.4452,3.867123287671233
HOSHANGABAD [42763],7.862312596932619,43.81666666666667,22.7529598,77.7173261,2.5493150684931507
HUTBAY [43364],9.197043507475222,88.69333333333334,10.6047064,92.5336533,4.741095890410959
HYDERABAD [43128],5.859554169342263,28.653333333333332,17.360589,78.4740613,3.826027397260274
IMPHAL [42623],2.8917108062836707,46.03333333333333,24.7991162,93.9364419,5.078082191780822
INDORE [42754],3.690596562184025,31.836666666666666,22.7203616,75.8681996,2.563013698630137
ITANAGAR [42308],3.3869171762876027,104.87333333333332,27.0979659,93.6237291,4.667123287671233
JABALPUR [42675],6.490262489415749,45.593333333333334,23.1608938,79.9497702,2.589041095890411
JAGDALPUR [43041],5.74663523823233,50.266666666666666,19.0870758,82.0235715,3.2958904109589042
JAIPUR [42348],2.8490610921958397,20.009999999999998,26.9154576,75.8189817,2.26986301369863
JAISALMER [42328],3.56495046742012,7.8966666666666665,27.0264162,70.77751197645885,1.6616438356164382
JALGAON [42851],9.199560245417624,25.3,20.84288265,75.52612463784979,2.6095890410958904
JALPAIGURI [42399],3.987211791951294,111.89666666666668,26.62628045,88.73344851670664,3.684931506849315
JAMMU [42056],4.310529050660105,46.730000000000004,32.7185614,74.8580917,3.2260273972602738
JAMSHEDPUR CITY [42799],1.0188543212449668,40.35,22.8015194,86.2029579,2.4273972602739726
JAMSHEDPUR [42798],2.6931742000587477,47.37,22.8015194,86.2029579,2.8589041095890413
JAWAI BANDH [42441],4.41021120682711,16.843333333333334,25.114378,73.1474782,1.8794520547945206
JEUR [43071],14.519575380558734,0.0,18.1283696,74.159383,0.0
JHANSI [42463],3.9568233909434434,27.706666666666667,25.529855,78.65278023546288,2.33972602739726
JHARSUGUDA [42886],5.595707402540517,49.18666666666666,21.87705125,84.00905063735019,3.0931506849315067
JODHPUR [42339],3.069880328735522,12.34,26.2967719,73.0351433,2.776712328767123
JORHAT [42423],3.458123545016512,64.05666666666667,26.7577925,94.2079645,0.0
KADAPPA [43241],14.722491126169732,25.290000000000003,13.0893554,80.2545925,2.5821917808219177
KAILASHAHAR [42618],2.6894699095159167,88.73333333333333,24.3194297,91.9984289,4.294520547945205
KAKINADA [43189],12.145460307399777,37.559999999999995,16.9437385,82.2350607,4.167123287671233
KALIMPONG [42296],2.3196625065065546,71.37666666666668,27.0702869,88.4723676,4.465753424657534
KALINGAPATNAM [43105],10.313176108414153,37.21666666666667,18.3414992,84.1210724,4.1506849315068495
KALPA [42066],1.6575252294153313,25.37,31.57778595,78.22860646255708,3.2
KANDLA (A) [42638],4.588007134904768,0.0,32.6912634,76.0696792,0.0
KANGRA (A) [42076],5.904238110643805,75.58,32.1031646,76.2723559,0.0
KANNUR [43315],9.478034207480539,112.16333333333334,11.8763836,75.3737973,4.186301369863013
KANPUR [42366],3.9448330663987714,27.196666666666665,26.4609135,80.3217588,0.0
KANYAKUMARI [43377],12.74602403868539,26.02,8.079252,77.5499338,4.171232876712328
KARAIKAL [43346],12.194927928214593,48.93,10.91564885,79.80694879844232,4.854794520547945
KARNAL [42137],2.2537223907981083,23.18,29.6803266,76.9896254,2.0424657534246577
KARUR PARAMATHI [43342],6.376001943162496,20.846666666666668,10.9551158,77.95489013619996,4.954794520547945
KARWAR [43225],10.261044176706827,109.30333333333333,14.8120931,74.1319229,3.456164383561644
KATHUA [42060],6.2704515706806285,47.190000000000005,32.583333,75.5,2.3273972602739725
KATRA [42054],5.727312668681127,71.70333333333333,26.2430103,85.6505848757009,0.0
KAVALI [43243],13.041037158023684,38.14,14.9135846,79.9926902,3.6904109589041094
KEONJHAR [42891],4.12573229729817,47.31333333333334,21.5,85.5,3.006849315068493
KESHOD [42832],6.244602675443599,29.470000000000002,21.31486295,70.26789366226589,2.8767123287671232
KHAJURAHO [42567],3.088733075435203,36.343333333333334,24.8515132,79.9259786,2.382191780821918
KHAMMAM [43137],10.184260036777601,29.990000000000002,17.172918850000002,80.40575365751027,1.9917808219178081
KHANDWA [42855],14.04566444330426,30.376666666666665,21.9769779,76.56753443408948,2.2150684931506848
KHARGONE [42849],9.567950548737254,13.05,21.825599,75.614182,2.5657534246575344
KODAIKANAL [43339],4.880897193595549,52.623333333333335,10.233712,77.4919719,4.920547945205479
KOHIMA [42527],3.141439791734632,57.586666666666666,25.6618755,94.1019156,0.0
KOKERNAG [42046],4.537951841467112,34.266666666666666,33.5872252,75.3012493,3.758904109589041
KOLHAPUR [43157],6.482292727315781,35.916666666666664,16.7028412,74.2405329,3.3219178082191783
KOLKATA (ALIPORE) [42807],4.930401893685999,60.443333333333335,22.5129293,88.3233824,3.5136986301369864
KOLKATA (DUM DUM) [42809],2.461938716515706,57.05,22.6564623,88.44672447479577,3.8684931506849316
KOPPAL [43228],8.738428564914042,22.703333333333333,15.57482375,76.3118493692591,0.0
KORAPUT [43097],4.215995370930588,55.42666666666666,18.7232023,82.61005964425227,0.0
KOTA [42452],3.8112712193084515,27.206666666666667,25.1737019,75.8574194,2.245205479452055
KOTTAYAM [43355],12.763087784734248,96.46000000000001,9.6287383,76.64553257390992,4.905479452054794
KOVILANKULAM [43358],11.393364647125278,0.0,9.5584965,78.104639,0.0
KOZHIKODE (A) [43320],6.2600863753079015,100.39666666666668,11.2450558,75.7754716,4.3273972602739725
KOZHIKODE [43314],12.4609832227858,97.58333333333333,11.2450558,75.7754716,4.067123287671233
KRISHNAGAR [42711],5.817201004216616,37.666666666666664,22.1894844,88.6955123,0.7726027397260274
KUPWARA [42031],5.994838104176443,34.88333333333333,34.5266079,74.2567173,3.4452054794520546
KURNOOL [43213],12.803594694818429,24.456666666666667,15.8309251,78.0425373,3.4356164383561643
LAKHIMPUR KHERI [42270],4.093318038796005,27.31,28.18342285,80.71312719574527,1.8164383561643835
LEH [42034],9.496964440589768,1.16,34.1642029,77.5848133,0.0
LENGPUI [42726],3.9254467276165035,76.36333333333333,23.8314147,92.6287719,4.010958904109589
LONG ISLAND [43310],8.753157531712354,86.82,12.3968182,92.93429762270804,3.5452054794520547
LUCKNOW [42369],2.2643750147708746,28.71333333333333,26.8381,80.9346001,3.015068493150685
LUDHIANA [42099],2.235736786839342,26.37,30.9090157,75.851601,2.0712328767123287
LUMDING [42523],5.45427375971309,38.54,25.7535433,93.1731676,0.0
MACHILIPATNAM [43185],6.996038772567132,35.830000000000005,16.1817369,81.1348181,4.3931506849315065
MADURAI (A) [43360],7.634462151394423,22.40666666666667,9.9261153,78.1140983,4.395890410958904
MADURAI [43359],14.469362328689545,28.11,9.9261153,78.1140983,0.0
MAHABALESHWAR [43111],1.6277645451858094,196.08666666666667,17.893641000000002,73.61316885788803,2.5876712328767124
MAHUVA [42837],5.768362432269718,23.946666666666665,21.0914409,71.7621979,0.0
MALANJKHAND [42715],9.335493143010254,43.07666666666667,22.00960535,80.71349001526704,3.0123287671232877
MALDA [42503],3.5404484106088745,50.49666666666667,25.0057449,88.1398483,3.708219178082192
MALEGAON [42925],6.969879934384015,19.793333333333333,20.2585033,76.97657401490227,2.3643835616438356
MANALI [42065],6.095059066012709,41.309999999999995,32.26309405,77.18812183241408,0.0
MANDI [42078],10.57649850976929,36.60666666666667,31.7084496,76.9293782,0.0
MANDLA [42776],14.173656415035728,40.019999999999996,22.6871074,80.58163411525186,2.078082191780822
MANDYA [43289],4.661705533471837,24.426666666666666,12.5238888,76.8961961,0.0
MANGALORE (BAJPE)(A) [43284],5.0771676492018285,124.92,12.8698101,74.8430082,4.345205479452055
MANGALORE (PANAMBUR) [43285],8.450191824315386,120.04666666666667,12.96014675,74.81372758331567,4.032876712328767
MATHERAN [43060],4.1307660967844155,0.0,18.9901544,73.2700191,0.0
MATHURA [42257],6.877523553162853,0.0,27.633333,77.583333,0.0
MAYABUNDER [43309],8.576895533076716,106.18333333333334,12.9100152,92.9014454,4.301369863013699
MAZBAT [42413],3.348676519158886,70.55,26.7911078,92.2910036,0.0
MEDAK [43083],9.683556777352731,33.53666666666667,17.9375095,78.21174498510584,3.3958904109589043
MEDNAPUR [42803],5.780107080913958,53.61666666666667,22.4207025,87.3269963,3.547945205479452
MEERUT [42139],1.9861629353233832,26.296666666666667,28.9963296,77.7061915,1.4726027397260273
MINICOY [43369],12.301712128701748,54.49,8.295235,73.06483943014706,4.863013698630137
MOHANBARI [42314],3.96574917218543,83.94333333333334,27.7385042,75.3292608,5.036986301369863
MORADABAD [42187],3.0705444057204665,34.78666666666666,28.879655300000003,78.80953353954959,2.1835616438356165
MORMUGAO [43196],4.718119301632168,93.31666666666666,15.4102428,73.7936048,4.317808219178082
MOUNT ABU [42540],2.5113461077247887,46.309999999999995,24.592433,72.7081876,2.110958904109589
MUKTESHWAR [42147],3.144166494383571,42.86666666666667,29.4720782,79.6480433,2.993150684931507
MUMBAI (COLABA) [43057],2.9008027635775733,73.78,18.9219661,72.83456565615893,3.363013698630137
MUMBAI (SANTACRUZ) [43003],2.7236870158481987,83.41000000000001,19.0926936,72.85439692426203,3.441095890410959
MUZAFFAR NAGAR [42138],4.453909445890665,29.083333333333332,29.4687661,77.6471815,2.010958904109589
MUZAFFARPUR [42387],5.62624966602171,36.306666666666665,26.1482548,85.3316096785584,2.4547945205479453
MYSORE [43291],5.5063864024942175,27.716666666666665,12.3051828,76.6553609,0.0
NAGAPATTINAM [43347],12.16782550719116,44.97,10.60262025,79.7619347994777,4.764383561643836
NAGPUR [42867],4.474396992551428,38.373333333333335,21.1498134,79.0820556,3.036986301369863
NAHAN [42104],4.970636604636927,57.769999999999996,30.5619948,77.25707123688902,2.7095890410958905
NAJIBABAD [42143],5.79514009647226,30.886666666666667,29.6072021,78.28537443588678,1.1904109589041096
NALGONDA [43133],10.148285449490269,26.883333333333333,16.8579636,79.21749353315548,1.7315068493150685
NALIYA [42631],8.116264294790344,12.946666666666665,23.2589441,68.82971359893139,2.4465753424657533
NANCOWRY [43382],9.670704012112036,80.39,7.9483741,93.4047135185116,4.63972602739726
NANDED [43021],9.002142192740974,27.45,19.09400875,77.48319215130235,0.0
NANDIGAMA [43182],5.303323831400659,31.833333333333332,16.7734733,80.2855279,3.8986301369863012
NANDYAL [43212],4.2920017022420325,25.84,15.4736293,78.4806592,2.8164383561643835
NARNAUL [42177],8.798613343128702,16.366666666666667,27.9981957,76.07674276086783,0.0
NARSAPUR [43187],9.654625151148732,38.96666666666667,20.1197639,76.51596587763301,3.6465753424657534
NARSINGHPUR [42770],15.075525135709228,35.263333333333335,22.93455595,79.08678489806229,2.1136986301369864
NASHIK [42921],4.421639208085284,28.196666666666665,20.0112475,73.7902364,2.958904109589041
NELLORE [43245],13.057031888798036,35.580000000000005,14.4493717,79.9873763,3.6767123287671235
NEW DELHI (AYANAGAR) [42180],2.0107133113680717,22.366666666666667,28.65381,77.22897,0.0
NEW DELHI (PALAM) [42181],1.4763097072419107,23.066666666666666,28.5782606,77.0999242,2.617808219178082
NEW DELHI (RIDGE) [42184],2.2279386117893263,23.3,28.6194865,77.1675253,0.0
NEW DELHI (SAFDARJUNG) [42182],1.5912063274584292,25.296666666666667,28.5681531,77.2054264,2.4767123287671233
NEW KANDLA [42639],10.589824925947212,15.286666666666667,23.03333,70.21667,1.8794520547945206
NIZAMABAD [43081],10.983893156024305,31.94333333333333,26.055317950000003,82.99313867937335,3.4287671232876713
NORTH LAKHIMPUR [42309],4.546802704947206,106.84333333333333,27.254431,94.1120339,5.101369863013699
NOWGONG [42467],12.061369000786781,34.0,26.133333,92.666667,2.2041095890410958
OKHA [42730],8.798815345409464,17.086666666666666,22.4716083,69.0765418,2.7273972602739724
ONGOLE [43221],11.41304347826087,30.783333333333335,15.5058714,80.0499454,3.9726027397260273
ORAI [42468],3.929108930380188,17.12,25.9359555,79.42432768008604,0.5232876712328767
OSMANABAD [43075],11.643061555567707,27.64,18.28224535,76.05881660170444,2.4246575342465753
PACHMARHI [42767],5.853808297515512,52.723333333333336,22.4736824,78.4360537,0.0
PAHALGAM [42028],4.22123338216343,42.45,34.0322048,75.3226479,3.5342465753424657
PALAKKAD [43335],14.126011765226238,65.03333333333333,10.78736915,76.47421718925105,5.093150684931507
PALAYAMKOTTAI [43376],11.598101936194553,25.4,8.7156188,77.7410366,0.0
PAMBAN [43363],14.903289028534985,31.756666666666668,9.2820256,79.2126824,4.808219178082192
PANJIM [43192],4.778559138176106,99.47,15.4989946,73.8282141,4.836986301369863
PANTNAGAR [42148],2.362546927301981,48.13,29.028405,79.4832094,3.032876712328767
PARADEEP [42976],3.7475065514139314,57.71333333333334,20.2685001,86.65105802462674,3.7643835616438355
PARBHANI [43017],11.814045536094106,29.686666666666667,19.29019805,76.60264434278307,2.5315068493150683
PASSIGHAT [42220],4.796548737691048,138.83666666666667,28.0589676,95.3324944,5.036986301369863
PATIALA [42101],2.5162993165120446,29.186666666666667,30.20927775,76.33972313649818,2.671232876712329
PATNA [42492],2.0145076086099505,35.919999999999995,25.6093239,85.1235252,2.882191780821918
PENDRA ROAD [42779],8.49774502108638,43.24,22.7557672,81.8990005,2.845205479452055
PHALODI [42237],6.569924915143828,4.306666666666667,27.1294121,72.3649644,1.0904109589041096
PHULBANI [42966],1.8166503290590104,46.36,20.4762322,84.2348517,1.8794520547945206
PILANI [42174],4.810576867558198,15.2,28.3622661,75.6042342,1.7904109589041095
PORBANDAR (A) [42830],5.2719544404093766,23.58,21.6409,69.611,2.4643835616438357
PORT BLAIR [43333],4.658951386440719,103.78,11.6645348,92.7390448,5.593150684931507
PRAYAGRAJ (ALLAHABAD) [42474],2.1134916039374634,30.513333333333332,25.4381302,81.8338005,2.919178082191781
PUDUCHERRY [43331],10.485062376887722,46.60333333333333,10.91564885,79.80694879844232,4.697260273972603
PUNALUR [43354],14.837398373983739,92.18666666666667,8.947117500000001,77.02143879047043,4.421917808219178
PUNE [43063],9.18646180397421,28.040000000000003,18.5213738,73.8545071,3.393150684931507
PURI [43053],6.01035050576335,52.190000000000005,19.8076083,85.8252538,3.910958904109589
PURNEA [42500],3.429990602765472,51.84,25.7773601,87.4731227,3.0863013698630137
PURULIA [42705],7.990434412763012,47.916666666666664,23.2020967,86.32289877475208,2.9027397260273973
QAZIGUND [42044],4.954366823517245,40.016666666666666,33.5886714,75.1580264,3.8123287671232875
RAICHUR [43169],13.787855893971116,23.886666666666667,16.054719400000003,76.90036472411589,0.0
RAIPUR (MANA) [42872],5.129066449682286,43.01,21.2380912,81.6336993,2.958904109589041
RAIPUR [42874],5.675507574747879,41.626666666666665,21.2380912,81.6336993,3.004109589041096
RAISEN [42672],8.387866319406447,0.0,23.25,78.083333,0.0
RAJGARH [42557],7.912895180205477,14.033333333333333,23.87167065,76.77447033719486,1.9904109589041097
RAJKOT [42737],5.326615705350939,25.876666666666665,22.3053263,70.8028377,2.3643835616438356
RAJNANDGAON [42948],12.798805778748472,31.763333333333332,21.06844245,80.797077941564,0.0
RAMAGUNDAM [43086],8.636035873631078,34.916666666666664,18.7615156,79.4787848,3.317808219178082
RANCHI [42701],3.217181807497943,46.82666666666667,23.3700501,85.3250387,2.878082191780822
RANGIA [42408],3.829252793631001,58.57,26.54052695,91.59884012878476,3.1164383561643834
RATLAM [42661],10.027892324116133,30.84,23.50222005,74.9551534052134,0.9849315068493151
RATNAGIRI [43110],7.687940815393134,108.16666666666667,17.282607900000002,73.4569787039826,3.8863013698630136
RENTACHINTALA [43177],7.792358304122579,18.583333333333332,16.5523765,79.5528824,3.171232876712329
REWA [42574],8.965457548295335,34.59,24.75608455,81.38105738502682,2.006849315068493
ROHTAK [42176],1.585182954723121,20.45,28.9010899,76.5801935,2.1767123287671235
SABOUR [42499],4.715286509789833,40.22,25.2281735,87.06361663055691,2.4863013698630136
SAGAR ISLAND [42903],4.63961706362177,39.736666666666665,23.80830755,78.75825398721975,3.1945205479452055
SAGAR [42671],8.443452551431808,58.276666666666664,21.75617035,88.12173957620847,2.4863013698630136
SALEM [43325],12.203859380970577,33.083333333333336,11.64696155,78.21069575456464,3.9342465753424656
SAMBALPUR [42883],5.112863203393901,50.56333333333334,21.4706422,83.98368580351055,2.908219178082192
SANGLI [43158],7.337540253563948,23.39333333333333,16.8502534,74.5948885,3.3493150684931505
SATARA [43113],6.228547468601295,31.173333333333336,17.63612885,74.29827807601782,3.0767123287671234
SATNA [42571],6.769287833827892,36.50666666666667,24.5,81.0,2.591780821917808
SAWAI MADHOPUR [42453],6.019488535878192,26.44333333333333,26.1137182,76.4240637330536,1.4684931506849315
SEONI [42771],5.573426715801046,39.25666666666667,22.2748109,79.72025222428486,2.5164383561643837
SHAHJAHANPUR [42266],3.080733298928797,31.990000000000002,27.9128583,79.74762537616267,1.4945205479452055
SHILLONG [42516],3.876529623463296,69.99666666666667,25.5760446,91.8825282,4.250684931506849
SHIMLA (A) [42084],4.002569163768524,49.57666666666667,31.1041526,77.1709729,0.0
SHIMLA [42083],3.7065442145027676,0.0,31.1041526,77.1709729,2.9328767123287673
SHIMOGA [43258],5.422203232524448,29.41,14.05565025,75.23805528480658,0.0
SHIRALI [43229],5.5229550295278145,136.22333333333333,14.0356398,74.5360431,0.0
SHIVPURI [42459],8.084249161516233,26.316666666666666,25.37412155,77.82788660942335,1.6904109589041096
SIDHI [42577],12.537539011129214,38.593333333333334,24.25,82.0,2.0095890410958903
SIKAR [42249],5.685763116198751,10.386666666666667,27.6625058,75.02799052644464,0.0
SILCHAR [42619],4.103714490689681,101.32333333333332,24.829588,92.797148,4.504109589041096
SOHRA (CHERRAPUNJEE) [42515],2.1014278194499276,372.52666666666664,25.2777336,91.7292416,4.638356164383562
SOLAPUR [43117],14.404104183109707,23.55666666666667,17.84990665,75.27632027348457,2.8109589041095893
SRIGANGANAGAR [42123],2.765390942938782,10.396666666666667,29.9319645,73.8723448,1.8054794520547945
SRINAGAR [42027],3.655284497015685,23.25,34.0747444,74.8204443,4.1219178082191785
SRINIKETAN [42708],5.57925231468002,48.42333333333333,23.6716472,87.6621529,3.3904109589041096
SULTANPUR [42377],2.5654877137739076,33.556666666666665,26.260473150000003,82.23805321467546,2.510958904109589
SUNDERGARH [42792],6.933514246947082,47.25,22.12265625,84.03683191603342,2.43013698630137
SUNDERNAGAR [42079],2.2183569398540195,47.03333333333333,20.6178028,74.8932409,3.1232876712328768
SUPAUL [42393],3.9268303178965103,0.0,26.2768089,86.79596143977405,0.0
SURAT [42840],4.215058730368219,41.44666666666667,21.2094892,72.8317058,2.7041095890410958
SURENDRANAGAR [42740],6.950993905977946,19.823333333333334,22.75,71.666667,0.0
SURI [42710],12.8905855840705,0.0,23.9080538,87.5277255,0.0
T.B.I.A. [43005],6.145865071601533,0.0,22.38768715,74.85762367047008,0.0
TADONG [42217],2.4577359202032625,103.88333333333334,27.31158995,88.59219529773748,4.678082191780822
TEHRI [42114],2.355012351141098,35.8,30.40260205,78.38835789037978,3.004109589041096
TEZPUR [42415],4.083992242279576,58.3,26.61695705,92.76500717365028,4.545205479452055
THANJAVUR [43330],13.269142880884125,35.03666666666666,10.65903695,79.20142776213416,0.0
THIRUVANANTHAPURAM (A) [43372],5.034416625068964,61.17666666666666,8.4882267,76.947551,4.556164383561644
THIRUVANANTHAPURAM [43371],8.415271989495457,60.21,8.4882267,76.947551,4.764383561643836
THOOTHUKUDI NEW PORT [43379],22.489877354615338,22.746666666666666,8.8457035,77.9938178,4.328767123287672
THRISSUR (VELLANIKKARA) [43357],8.105381592694265,91.09666666666666,10.53635685,76.26140867877115,4.310958904109589
TIKAMGARH [42562],6.609718744179308,24.209999999999997,24.85521045,79.04725459918899,0.0
TIRUCHIRAPALLI (A) [43344],5.877256206965296,28.676666666666666,10.984206,77.4883102,4.416438356164384
TIRUPATI [43275],5.5120884810654545,37.11666666666667,13.6282907,79.4195276,4.517808219178082
TIRUPATTUR [43302],14.902477719191825,28.236666666666668,12.490898,78.564709,0.0
TIRUTTANI [43277],13.188049717140853,36.97,13.16108315,79.55158424492785,0.0
TITLAGARH [42961],11.830383326027771,45.78666666666666,20.2985474,83.17521981867318,2.6054794520547944
TONDI [43361],14.10978573006406,30.57,24.2630262,76.9812012,4.284931506849315
TUNI [43147],12.026472360295227,37.80333333333333,17.3614675,82.5467956,3.66027397260274
UDAGAMANDALAM [43317],13.735869884665286,38.580000000000005,12.2774283,76.6587612,0.0
UDAIPUR (A) (DABOK) [42542],5.856062342424937,22.473333333333336,24.6263816,73.864088,2.2986301369863016
UDGIR [43076],12.010191034897714,31.803333333333335,18.3921349,77.1196118,0.0
UJJAIN [42662],6.039294415011803,30.96333333333333,23.1885131,75.7716562,2.9136986301369863
UMARIA [42679],7.857251222922467,39.28666666666666,23.64318365,80.94190777719564,2.789041095890411
UNA [42077],6.00498260787816,37.76,31.583333,76.25,2.5082191780821916
VADODARA (A) [42748],4.457069091839465,33.57,22.2973142,73.1942567,2.5753424657534247
VALLABH VIDYANAGAR [42744],3.5856227054821432,27.776666666666664,22.5516264,72.9300516,1.2534246575342465
VALPARAI [43341],4.309075086406372,117.93,10.3279931,76.9557258,4.794520547945205
VALSAD [42915],7.125990108214646,58.38,20.43219565,73.14098929730321,1.5671232876712329
VARANASI (A)(BABATPUR) [42479],1.7902186098654707,32.86333333333333,25.3356491,83.0076292,2.6534246575342464
VARANASI [42483],2.5387015361379937,32.559999999999995,25.4539658,82.8805167,2.9328767123287673
VELLORE [43303],8.169412186013199,35.00333333333333,12.9021849,79.06110398623842,4.293150684931507
VERAVAL [42909],9.133481089583183,29.236666666666668,20.9101099,70.365279,2.6410958904109587
VISAKHAPATNAM (A) [43149],5.147127949609851,37.10333333333333,17.7231276,83.3012842,3.83972602739726
VISAKHAPATNAM [43150],6.563826252564731,35.15,17.7231276,83.3012842,4.210958904109589
WARDHA [42939],7.381093615185505,32.5,20.82562315,78.61314549522919,1.4191780821917808
WASHIM [42935],5.765932478786785,0.0,20.287417750000003,77.23696550258964,0.0
YAVATMAL [42943],8.660116688434648,32.57333333333334,20.3270469,78.1186870440679,2.0616438356164384
